contrast	gene	log2FoldChange
Hyp_T6h.Control	Cluster_24	2.0678127514789226
Hyp_T6h.Control	Cluster_26	5.45980211274462
Hyp_T6h.Control	Cluster_28	-5.814417919578451
Hyp_T6h.Control	Cluster_36	-0.8418900129043181
Hyp_T6h.Control	Cluster_48	-0.9376441985489434
Hyp_T6h.Control	Cluster_58	-3.164833943473117
Hyp_T6h.Control	Cluster_61	-2.4044915094394423
Hyp_T6h.Control	Cluster_71	1.605993811998473
Hyp_T6h.Control	Cluster_94	7.602868976983396
Hyp_T6h.Control	Cluster_95	2.386785076320254
Hyp_T6h.Control	Cluster_98	-7.179973637156035
Hyp_T6h.Control	Cluster_109	6.656087038337632
Hyp_T6h.Control	Cluster_139	12.88593134329323
Hyp_T6h.Control	Cluster_151	-7.504691289656176
Hyp_T6h.Control	Cluster_157	5.545343626947991
Hyp_T6h.Control	Cluster_168	-3.4043019487877255
Hyp_T6h.Control	Cluster_171	-2.1013663138428242
Hyp_T6h.Control	Cluster_175	-1.1305739681191018
Hyp_T6h.Control	Cluster_182	1.3823349388686759
Hyp_T6h.Control	Cluster_183	-8.267508961764943
Hyp_T6h.Control	Cluster_188	-3.8559787265058594
Hyp_T6h.Control	Cluster_189	-1.7152096244786648
Hyp_T6h.Control	Cluster_194	1.4086553540376783
Hyp_T6h.Control	Cluster_202	3.6081161739793353
Hyp_T6h.Control	Cluster_227	-7.11252762990182
Hyp_T6h.Control	Cluster_228	-7.334492230855414
Hyp_T6h.Control	Cluster_237	-5.510562035733468
Hyp_T6h.Control	Cluster_246	3.9232917591164265
Hyp_T6h.Control	Cluster_249	-0.8066085470448425
Hyp_T6h.Control	Cluster_251	-0.9746634805198345
Hyp_T6h.Control	Cluster_257	3.9439256199111767
Hyp_T6h.Control	Cluster_284	-1.7167887093207606
Hyp_T6h.Control	Cluster_304	-0.9246578680400461
Hyp_T6h.Control	Cluster_312	-1.9498444959933878
Hyp_T6h.Control	Cluster_314	-1.3134095063872269
Hyp_T6h.Control	Cluster_324	-2.1581007313329956
Hyp_T6h.Control	Cluster_337	-1.087841552509278
Hyp_T6h.Control	Cluster_347	3.4364320140447813
Hyp_T6h.Control	Cluster_360	3.190525775097442
Hyp_T6h.Control	Cluster_371	-1.003450542529956
Hyp_T6h.Control	Cluster_375	-3.6004141183837466
Hyp_T6h.Control	Cluster_407	3.984711765841241
Hyp_T6h.Control	Cluster_409	-7.478108466147729
Hyp_T6h.Control	Cluster_410	-7.7654460267725165
Hyp_T6h.Control	Cluster_411	-6.302182352118937
Hyp_T6h.Control	Cluster_444	-0.9246130788296967
Hyp_T6h.Control	Cluster_451	-7.888771484576805
Hyp_T6h.Control	Cluster_452	2.5635179636341965
Hyp_T6h.Control	Cluster_461	-5.966192248468509
Hyp_T6h.Control	Cluster_462	-6.880210401137112
Hyp_T6h.Control	Cluster_463	-4.398883271490211
Hyp_T6h.Control	Cluster_488	-5.587664317948726
Hyp_T6h.Control	Cluster_526	0.6209513180340875
Hyp_T6h.Control	Cluster_537	-7.87633310208956
Hyp_T6h.Control	Cluster_538	4.309397677526127
Hyp_T6h.Control	Cluster_545	8.608270021748446
Hyp_T6h.Control	Cluster_562	-0.9520937026939
Hyp_T6h.Control	Cluster_573	2.953215750807717
Hyp_T6h.Control	Cluster_598	6.887127623850425
Hyp_T6h.Control	Cluster_599	7.058128354249093
Hyp_T6h.Control	Cluster_627	-1.3807144352430234
Hyp_T6h.Control	Cluster_628	-0.9940023055195422
Hyp_T6h.Control	Cluster_629	-1.6453636179000335
Hyp_T6h.Control	Cluster_638	3.007095203821498
Hyp_T6h.Control	Cluster_666	-4.982231666653476
Hyp_T6h.Control	Cluster_668	-6.592063467732581
Hyp_T6h.Control	Cluster_670	10.322952288795268
Hyp_T6h.Control	Cluster_671	-7.472180454029726
Hyp_T6h.Control	Cluster_692	4.839990937566473
Hyp_T6h.Control	Cluster_724	-2.972588793963078
Hyp_T6h.Control	Cluster_726	1.3053120814489239
Hyp_T6h.Control	Cluster_729	-6.628024090652248
Hyp_T6h.Control	Cluster_742	2.785194626212368
Hyp_T6h.Control	Cluster_744	2.468021799698723
Hyp_T6h.Control	Cluster_753	1.88461094655843
Hyp_T6h.Control	Cluster_760	-1.081947107549508
Hyp_T6h.Control	Cluster_769	-0.6224759470895125
Hyp_T6h.Control	Cluster_785	1.624311158834528
Hyp_T6h.Control	Cluster_791	-4.845707226890088
Hyp_T6h.Control	Cluster_793	3.4325578827419956
Hyp_T6h.Control	Cluster_795	-3.68507402677558
Hyp_T6h.Control	Cluster_800	-4.363448513102032
Hyp_T6h.Control	Cluster_814	19.60704922381869
Hyp_T6h.Control	Cluster_829	-2.588241316871173
Hyp_T6h.Control	Cluster_831	-2.9880450648223493
Hyp_T6h.Control	Cluster_832	-1.8676502396057315
Hyp_T6h.Control	Cluster_835	-21.4946706038163
Hyp_T6h.Control	Cluster_839	-7.992419557456373
Hyp_T6h.Control	Cluster_894	1.2190139131798705
Hyp_T6h.Control	Cluster_903	-8.614113772581463
Hyp_T6h.Control	Cluster_915	-5.78880585093364
Hyp_T6h.Control	Cluster_935	-0.90263564433245
Hyp_T6h.Control	Cluster_940	7.780303152065314
Hyp_T6h.Control	Cluster_957	1.4928387677400305
Hyp_T6h.Control	Cluster_960	-4.608370385024459
Hyp_T6h.Control	Cluster_985	3.001976590130991
Hyp_T6h.Control	Cluster_988	-5.044718639348458
Hyp_T6h.Control	Cluster_1000	-2.5240665954789443
Hyp_T6h.Control	Cluster_1002	5.875845591067093
Hyp_T6h.Control	Cluster_1009	-0.9197642681296676
Hyp_T6h.Control	Cluster_1010	-0.8624280735892514
Hyp_T6h.Control	Cluster_1024	-3.6324966146161985
Hyp_T6h.Control	Cluster_1025	2.2982071249423464
Hyp_T6h.Control	Cluster_1027	-8.004298677286771
Hyp_T6h.Control	Cluster_1075	1.4266912810938222
Hyp_T6h.Control	Cluster_1092	-1.2707051144381127
Hyp_T6h.Control	Cluster_1110	-1.6365873300737102
Hyp_T6h.Control	Cluster_1116	-5.387622738754026
Hyp_T6h.Control	Cluster_1139	-1.0122482837791211
Hyp_T6h.Control	Cluster_1158	4.248772980764308
Hyp_T6h.Control	Cluster_1164	-3.0112027869364297
Hyp_T6h.Control	Cluster_1166	-1.360561645653943
Hyp_T6h.Control	Cluster_1178	0.9041063909054834
Hyp_T6h.Control	Cluster_1179	-8.508258483859102
Hyp_T6h.Control	Cluster_1237	-0.8258976171609957
Hyp_T6h.Control	Cluster_1238	7.325483050352317
Hyp_T6h.Control	Cluster_1243	-1.2012649674351257
Hyp_T6h.Control	Cluster_1247	-3.750170945376134
Hyp_T6h.Control	Cluster_1268	-2.8365458643481887
Hyp_T6h.Control	Cluster_1296	-4.829784612921527
Hyp_T6h.Control	Cluster_1337	-2.4990135463835297
Hyp_T6h.Control	Cluster_1350	5.045976540716157
Hyp_T6h.Control	Cluster_1361	-0.9791273956741535
Hyp_T6h.Control	Cluster_1418	-4.170228019155862
Hyp_T6h.Control	Cluster_1420	-3.065864390663885
Hyp_T6h.Control	Cluster_1421	-3.7327578185388806
Hyp_T6h.Control	Cluster_1427	2.8782090864546652
Hyp_T6h.Control	Cluster_1447	-0.7533153940047157
Hyp_T6h.Control	Cluster_1460	0.6079051382256685
Hyp_T6h.Control	Cluster_1475	2.561951942683908
Hyp_T6h.Control	Cluster_1476	1.928687462275031
Hyp_T6h.Control	Cluster_1487	-2.6083925141253097
Hyp_T6h.Control	Cluster_1505	5.823099894965412
Hyp_T6h.Control	Cluster_1528	-7.176854981958551
Hyp_T6h.Control	Cluster_1552	-1.9597624313559574
Hyp_T6h.Control	Cluster_1556	-2.752132879429033
Hyp_T6h.Control	Cluster_1564	-2.6008519682838243
Hyp_T6h.Control	Cluster_1566	2.4438836316753965
Hyp_T6h.Control	Cluster_1594	-2.0620550626599226
Hyp_T6h.Control	Cluster_1626	-3.8104453008966797
Hyp_T6h.Control	Cluster_1636	-8.961152812717325
Hyp_T6h.Control	Cluster_1639	-0.9231384732351946
Hyp_T6h.Control	Cluster_1644	3.4760297132365605
Hyp_T6h.Control	Cluster_1645	7.783206661611903
Hyp_T6h.Control	Cluster_1652	-4.622989365765263
Hyp_T6h.Control	Cluster_1660	7.7344123414083965
Hyp_T6h.Control	Cluster_1664	-3.882866988704208
Hyp_T6h.Control	Cluster_1673	4.179318209630183
Hyp_T6h.Control	Cluster_1698	-1.0236314938220954
Hyp_T6h.Control	Cluster_1722	0.9127685262211703
Hyp_T6h.Control	Cluster_1729	-3.19720021478729
Hyp_T6h.Control	Cluster_1761	5.622979748374337
Hyp_T6h.Control	Cluster_1763	-3.018546354433002
Hyp_T6h.Control	Cluster_1771	-7.677362398554067
Hyp_T6h.Control	Cluster_1783	-2.6462523365187667
Hyp_T6h.Control	Cluster_1784	-2.2259603661144904
Hyp_T6h.Control	Cluster_1804	9.294438811728709
Hyp_T6h.Control	Cluster_1809	-7.718698255855748
Hyp_T6h.Control	Cluster_1816	2.088432501286761
Hyp_T6h.Control	Cluster_1820	-2.475581077962344
Hyp_T6h.Control	Cluster_1832	-2.4844965154535563
Hyp_T6h.Control	Cluster_1836	-6.261233329110912
Hyp_T6h.Control	Cluster_1839	0.6249355243496832
Hyp_T6h.Control	Cluster_1846	0.7256560734209315
Hyp_T6h.Control	Cluster_1852	0.7608214336265048
Hyp_T6h.Control	Cluster_1881	1.245399774642436
Hyp_T6h.Control	Cluster_1893	4.225445935142216
Hyp_T6h.Control	Cluster_1898	-6.766745571528572
Hyp_T6h.Control	Cluster_1901	0.5471788099432648
Hyp_T6h.Control	Cluster_1929	-20.773252636322088
Hyp_T6h.Control	Cluster_1930	-9.181566724002744
Hyp_T6h.Control	Cluster_1931	-8.402141946860066
Hyp_T6h.Control	Cluster_1932	-6.525753124220851
Hyp_T6h.Control	Cluster_1934	8.392384779948163
Hyp_T6h.Control	Cluster_1938	3.5681870960901496
Hyp_T6h.Control	Cluster_1966	-4.75373475477988
Hyp_T6h.Control	Cluster_1971	-0.9173886303939291
Hyp_T6h.Control	Cluster_1980	-1.7881102604320247
Hyp_T6h.Control	Cluster_1995	1.8347070733103743
Hyp_T6h.Control	Cluster_1997	1.5137731993948704
Hyp_T6h.Control	Cluster_2022	1.5892039853765316
Hyp_T6h.Control	Cluster_2038	-6.1872635536359555
Hyp_T6h.Control	Cluster_2064	-0.9819915789688246
Hyp_T6h.Control	Cluster_2069	7.302164984520247
Hyp_T6h.Control	Cluster_2071	-9.218665963280422
Hyp_T6h.Control	Cluster_2083	2.752017520262807
Hyp_T6h.Control	Cluster_2085	-3.061858749538689
Hyp_T6h.Control	Cluster_2095	3.1533707547050973
Hyp_T6h.Control	Cluster_2098	-8.808863718088444
Hyp_T6h.Control	Cluster_2112	-3.3691204003229536
Hyp_T6h.Control	Cluster_2120	-8.182248616684078
Hyp_T6h.Control	Cluster_2149	-7.652903372949195
Hyp_T6h.Control	Cluster_2150	-6.300777448679586
Hyp_T6h.Control	Cluster_2163	-3.9123468186632095
Hyp_T6h.Control	Cluster_2169	4.4318713905650196
Hyp_T6h.Control	Cluster_2171	-3.0500583783011788
Hyp_T6h.Control	Cluster_2196	-1.1543786764714126
Hyp_T6h.Control	Cluster_2208	2.549724723338174
Hyp_T6h.Control	Cluster_2219	19.756143210925565
Hyp_T6h.Control	Cluster_2235	-18.577866415948076
Hyp_T6h.Control	Cluster_2236	3.7168341595200767
Hyp_T6h.Control	Cluster_2241	-1.0306671512095655
Hyp_T6h.Control	Cluster_2243	-0.6499647570603695
Hyp_T6h.Control	Cluster_2246	-0.8497037998254695
Hyp_T6h.Control	Cluster_2259	3.703155240319876
Hyp_T6h.Control	Cluster_2270	-3.2883180620451142
Hyp_T6h.Control	Cluster_2280	-3.5634255510995825
Hyp_T6h.Control	Cluster_2283	-0.47148747415071596
Hyp_T6h.Control	Cluster_2285	-2.351189675815264
Hyp_T6h.Control	Cluster_2286	-4.318951327796151
Hyp_T6h.Control	Cluster_2292	-4.674380242774079
Hyp_T6h.Control	Cluster_2315	-0.6533592353660493
Hyp_T6h.Control	Cluster_2317	-5.2529619287930815
Hyp_T6h.Control	Cluster_2333	-6.798388051406915
Hyp_T6h.Control	Cluster_2343	-6.731034744586244
Hyp_T6h.Control	Cluster_2374	4.560268699045965
Hyp_T6h.Control	Cluster_2389	-0.4544046713890685
Hyp_T6h.Control	Cluster_2395	1.5405426687038009
Hyp_T6h.Control	Cluster_2405	-3.674378342428028
Hyp_T6h.Control	Cluster_2406	2.3373374656054144
Hyp_T6h.Control	Cluster_2407	-3.712469371269058
Hyp_T6h.Control	Cluster_2440	-3.478916726624459
Hyp_T6h.Control	Cluster_2442	-7.596109919932713
Hyp_T6h.Control	Cluster_2445	24.059750328799336
Hyp_T6h.Control	Cluster_2446	-1.448608301817213
Hyp_T6h.Control	Cluster_2447	-3.0886115500300715
Hyp_T6h.Control	Cluster_2448	0.8833015341506295
Hyp_T6h.Control	Cluster_2489	-4.772529346390917
Hyp_T6h.Control	Cluster_2495	1.5263777683132338
Hyp_T6h.Control	Cluster_2504	-7.81008857824375
Hyp_T6h.Control	Cluster_2505	-7.986604909464959
Hyp_T6h.Control	Cluster_2520	3.699299449855604
Hyp_T6h.Control	Cluster_2538	1.7556367541682665
Hyp_T6h.Control	Cluster_2539	-0.8315162986158261
Hyp_T6h.Control	Cluster_2541	-6.283495404444223
Hyp_T6h.Control	Cluster_2558	-0.8713580999633578
Hyp_T6h.Control	Cluster_2559	8.945648428879585
Hyp_T6h.Control	Cluster_2561	1.7737352716615213
Hyp_T6h.Control	Cluster_2565	-3.466212908776211
Hyp_T6h.Control	Cluster_2595	-0.9494966831178018
Hyp_T6h.Control	Cluster_2603	-5.774714860097478
Hyp_T6h.Control	Cluster_2605	-6.594203002181492
Hyp_T6h.Control	Cluster_2610	-7.348781283510382
Hyp_T6h.Control	Cluster_2614	-0.9410905052301786
Hyp_T6h.Control	Cluster_2623	2.973430629798934
Hyp_T6h.Control	Cluster_2626	1.7662703357299558
Hyp_T6h.Control	Cluster_2649	-1.2899264758453255
Hyp_T6h.Control	Cluster_2654	-7.528657071003319
Hyp_T6h.Control	Cluster_2656	-5.5743729619026094
Hyp_T6h.Control	Cluster_2663	-1.0443469554192701
Hyp_T6h.Control	Cluster_2677	-0.686353694066621
Hyp_T6h.Control	Cluster_2681	6.55359082389132
Hyp_T6h.Control	Cluster_2697	-3.8766913825407627
Hyp_T6h.Control	Cluster_2700	7.444763545339995
Hyp_T6h.Control	Cluster_2727	-5.473453655308102
Hyp_T6h.Control	Cluster_2753	-0.8985742595303603
Hyp_T6h.Control	Cluster_2805	2.8833401659999245
Hyp_T6h.Control	Cluster_2807	-5.324761437296716
Hyp_T6h.Control	Cluster_2816	-4.790268227806755
Hyp_T6h.Control	Cluster_2826	2.694875156032292
Hyp_T6h.Control	Cluster_2830	3.0593017314450597
Hyp_T6h.Control	Cluster_2876	-4.965960151746618
Hyp_T6h.Control	Cluster_2884	4.128428049716115
Hyp_T6h.Control	Cluster_2892	9.793025640816166
Hyp_T6h.Control	Cluster_2902	-1.4278431192521261
Hyp_T6h.Control	Cluster_2903	-0.8385702418537765
Hyp_T6h.Control	Cluster_2912	-1.711538144803064
Hyp_T6h.Control	Cluster_2918	-3.641009884116545
Hyp_T6h.Control	Cluster_2934	-7.408242724687086
Hyp_T6h.Control	Cluster_2937	-3.565606299143029
Hyp_T6h.Control	Cluster_2939	-0.8492045187276943
Hyp_T6h.Control	Cluster_2941	1.938030921561074
Hyp_T6h.Control	Cluster_2944	-1.4696806763832384
Hyp_T6h.Control	Cluster_2959	-1.5935902771527244
Hyp_T6h.Control	Cluster_2977	1.3017332971728952
Hyp_T6h.Control	Cluster_3002	-2.0100977502804365
Hyp_T6h.Control	Cluster_3007	1.0289638415038451
Hyp_T6h.Control	Cluster_3015	4.269223211640045
Hyp_T6h.Control	Cluster_3037	-1.58672633577626
Hyp_T6h.Control	Cluster_3039	2.4129506495989586
Hyp_T6h.Control	Cluster_3044	-6.672692019102748
Hyp_T6h.Control	Cluster_3049	-4.858356193644978
Hyp_T6h.Control	Cluster_3064	-1.2516709914754875
Hyp_T6h.Control	Cluster_3070	4.819155988929445
Hyp_T6h.Control	Cluster_3071	2.267614404128986
Hyp_T6h.Control	Cluster_3083	-0.6653428657137818
Hyp_T6h.Control	Cluster_3084	-7.380872600645918
Hyp_T6h.Control	Cluster_3098	2.687363921966454
Hyp_T6h.Control	Cluster_3099	-3.4435535269239552
Hyp_T6h.Control	Cluster_3114	4.0151574127320036
Hyp_T6h.Control	Cluster_3115	4.698852855442792
Hyp_T6h.Control	Cluster_3117	2.3227611319017982
Hyp_T6h.Control	Cluster_3121	1.4245886569611144
Hyp_T6h.Control	Cluster_3128	5.350958795204225
Hyp_T6h.Control	Cluster_3134	-5.3385011366956245
Hyp_T6h.Control	Cluster_3136	-0.9050870614516023
Hyp_T6h.Control	Cluster_3166	-3.48321415140276
Hyp_T6h.Control	Cluster_3190	-0.6926441534494038
Hyp_T6h.Control	Cluster_3214	-1.95056299149136
Hyp_T6h.Control	Cluster_3215	-1.9940333634270186
Hyp_T6h.Control	Cluster_3221	4.19125085987865
Hyp_T6h.Control	Cluster_3232	-6.696071954098407
Hyp_T6h.Control	Cluster_3235	-5.9149991478274435
Hyp_T6h.Control	Cluster_3247	0.9436360990783503
Hyp_T6h.Control	Cluster_3288	6.067637061746125
Hyp_T6h.Control	Cluster_3293	2.9200884397104145
LtH_6.Control	Cluster_24	2.2034142793465694
LtH_6.Control	Cluster_26	5.321599002386719
LtH_6.Control	Cluster_57	2.065232078452924
LtH_6.Control	Cluster_58	-3.456963578903478
LtH_6.Control	Cluster_94	7.754056032710964
LtH_6.Control	Cluster_95	2.7627885834175196
LtH_6.Control	Cluster_109	7.631488190314351
LtH_6.Control	Cluster_121	-1.227247206347089
LtH_6.Control	Cluster_139	20.47776683845421
LtH_6.Control	Cluster_151	-5.796137023401478
LtH_6.Control	Cluster_157	5.236177058078139
LtH_6.Control	Cluster_171	-2.0702855363867783
LtH_6.Control	Cluster_183	-8.336375811206699
LtH_6.Control	Cluster_188	-4.832386811586879
LtH_6.Control	Cluster_189	-1.8695613750647395
LtH_6.Control	Cluster_199	-1.1249436466492067
LtH_6.Control	Cluster_202	3.8515356102972063
LtH_6.Control	Cluster_237	-4.249596011423811
LtH_6.Control	Cluster_246	3.232008878530824
LtH_6.Control	Cluster_257	3.4002883593260544
LtH_6.Control	Cluster_277	-0.6525822414654783
LtH_6.Control	Cluster_284	-1.839436852810603
LtH_6.Control	Cluster_347	3.5938780772914956
LtH_6.Control	Cluster_353	-2.540756286690549
LtH_6.Control	Cluster_375	-2.971171410343589
LtH_6.Control	Cluster_409	-7.546975494261904
LtH_6.Control	Cluster_410	-6.7782751450659555
LtH_6.Control	Cluster_411	-6.349894698401937
LtH_6.Control	Cluster_424	1.3098208312900137
LtH_6.Control	Cluster_488	-5.656531366438998
LtH_6.Control	Cluster_535	-22.062300689659956
LtH_6.Control	Cluster_537	-7.945199953058071
LtH_6.Control	Cluster_538	4.305942435298472
LtH_6.Control	Cluster_545	9.591850284289547
LtH_6.Control	Cluster_548	-3.7729008473808943
LtH_6.Control	Cluster_555	-2.951328161686252
LtH_6.Control	Cluster_590	3.1508212973081715
LtH_6.Control	Cluster_599	8.454000379367853
LtH_6.Control	Cluster_618	2.0101045423167943
LtH_6.Control	Cluster_636	-5.723233382043455
LtH_6.Control	Cluster_645	2.3406337943890407
LtH_6.Control	Cluster_668	-5.2476313215878205
LtH_6.Control	Cluster_682	-1.9455249175178835
LtH_6.Control	Cluster_729	-8.561149410903232
LtH_6.Control	Cluster_738	2.942230209607394
LtH_6.Control	Cluster_757	1.5757521753445394
LtH_6.Control	Cluster_769	-0.5079021236280047
LtH_6.Control	Cluster_791	-4.671377219296187
LtH_6.Control	Cluster_793	3.420958181511344
LtH_6.Control	Cluster_800	-3.47555901631822
LtH_6.Control	Cluster_814	15.15517995749262
LtH_6.Control	Cluster_829	-2.362942761702197
LtH_6.Control	Cluster_831	-2.4725762218809275
LtH_6.Control	Cluster_839	-8.061286554385628
LtH_6.Control	Cluster_895	-3.251445981262356
LtH_6.Control	Cluster_903	-10.7675715210674
LtH_6.Control	Cluster_915	-7.727025186156732
LtH_6.Control	Cluster_939	1.13423268249311
LtH_6.Control	Cluster_940	8.792523402336437
LtH_6.Control	Cluster_954	-4.126757902180525
LtH_6.Control	Cluster_957	1.6004323852309663
LtH_6.Control	Cluster_985	2.611877780748535
LtH_6.Control	Cluster_1002	5.490149491240708
LtH_6.Control	Cluster_1025	1.754296083602567
LtH_6.Control	Cluster_1027	-8.073165670085642
LtH_6.Control	Cluster_1075	1.3356006678565417
LtH_6.Control	Cluster_1116	-5.019525578371038
LtH_6.Control	Cluster_1119	5.353742675990766
LtH_6.Control	Cluster_1158	5.293872757667846
LtH_6.Control	Cluster_1166	-1.827661836797387
LtH_6.Control	Cluster_1179	-7.615331861358044
LtH_6.Control	Cluster_1191	2.1291929807573164
LtH_6.Control	Cluster_1193	-2.313752013154577
LtH_6.Control	Cluster_1238	7.150716631429869
LtH_6.Control	Cluster_1243	-1.5791788724250737
LtH_6.Control	Cluster_1247	-2.656789155068054
LtH_6.Control	Cluster_1250	3.274985664384454
LtH_6.Control	Cluster_1292	-6.446984831176641
LtH_6.Control	Cluster_1320	2.6713090934336705
LtH_6.Control	Cluster_1342	2.352798513824524
LtH_6.Control	Cluster_1350	4.355316985386427
LtH_6.Control	Cluster_1399	-0.797868947781328
LtH_6.Control	Cluster_1405	-0.5900687181425318
LtH_6.Control	Cluster_1418	-4.441171778437784
LtH_6.Control	Cluster_1420	-3.10470136056766
LtH_6.Control	Cluster_1421	-3.4825348570008865
LtH_6.Control	Cluster_1427	3.3463317922454774
LtH_6.Control	Cluster_1430	-4.756689814638175
LtH_6.Control	Cluster_1432	-4.641764141380926
LtH_6.Control	Cluster_1447	-1.042110110998037
LtH_6.Control	Cluster_1473	1.1282627048345641
LtH_6.Control	Cluster_1476	2.499396581157586
LtH_6.Control	Cluster_1487	-2.75271014511211
LtH_6.Control	Cluster_1498	2.754110630278422
LtH_6.Control	Cluster_1528	-8.207516321428766
LtH_6.Control	Cluster_1550	-1.324955729030759
LtH_6.Control	Cluster_1552	-1.6678165620749066
LtH_6.Control	Cluster_1556	-3.046993013955675
LtH_6.Control	Cluster_1564	-2.521657957734917
LtH_6.Control	Cluster_1566	2.4613094307722525
LtH_6.Control	Cluster_1594	-2.401687978133831
LtH_6.Control	Cluster_1600	-4.656114998505365
LtH_6.Control	Cluster_1636	-8.068225363761425
LtH_6.Control	Cluster_1645	7.729999135235347
LtH_6.Control	Cluster_1657	-1.0877733775159129
LtH_6.Control	Cluster_1660	7.484784106252684
LtH_6.Control	Cluster_1664	-4.469068770439905
LtH_6.Control	Cluster_1665	-4.172493213944531
LtH_6.Control	Cluster_1673	4.637493790247867
LtH_6.Control	Cluster_1722	0.8223736830466054
LtH_6.Control	Cluster_1725	-5.417429899124613
LtH_6.Control	Cluster_1742	0.7239510924791229
LtH_6.Control	Cluster_1750	14.762328024050678
LtH_6.Control	Cluster_1761	5.280289894220248
LtH_6.Control	Cluster_1763	-3.0406889807817485
LtH_6.Control	Cluster_1771	-7.746229456620916
LtH_6.Control	Cluster_1804	8.35087560999489
LtH_6.Control	Cluster_1809	-8.698550179267963
LtH_6.Control	Cluster_1816	2.5437522962896977
LtH_6.Control	Cluster_1820	-4.094460946863125
LtH_6.Control	Cluster_1832	-2.0407693005176966
LtH_6.Control	Cluster_1836	-8.168990442223054
LtH_6.Control	Cluster_1890	-6.747832756752778
LtH_6.Control	Cluster_1898	-7.797405506462325
LtH_6.Control	Cluster_1901	0.46980621263283634
LtH_6.Control	Cluster_1927	1.821615736071396
LtH_6.Control	Cluster_1929	-20.911493722672017
LtH_6.Control	Cluster_1934	8.316655366748002
LtH_6.Control	Cluster_1936	3.706056917661098
LtH_6.Control	Cluster_1938	3.55671711810372
LtH_6.Control	Cluster_1941	-8.915977512552908
LtH_6.Control	Cluster_1946	2.2527141157755146
LtH_6.Control	Cluster_1958	-2.018414975296059
LtH_6.Control	Cluster_1966	-3.1275876669920546
LtH_6.Control	Cluster_1971	-1.9824717649618957
LtH_6.Control	Cluster_2071	-8.325738355518489
LtH_6.Control	Cluster_2083	2.6156645577288264
LtH_6.Control	Cluster_2095	3.6538141997371882
LtH_6.Control	Cluster_2098	-8.877730517620941
LtH_6.Control	Cluster_2112	-4.0700913222579
LtH_6.Control	Cluster_2120	-7.513267811147759
LtH_6.Control	Cluster_2142	-0.7521317311548904
LtH_6.Control	Cluster_2149	-7.721770415010515
LtH_6.Control	Cluster_2150	-4.7823335765212045
LtH_6.Control	Cluster_2163	-5.532916164665087
LtH_6.Control	Cluster_2164	-3.8183891176055984
LtH_6.Control	Cluster_2209	-5.087925269713874
LtH_6.Control	Cluster_2215	-2.0669948078774416
LtH_6.Control	Cluster_2219	19.264666446040874
LtH_6.Control	Cluster_2259	3.766266107995827
LtH_6.Control	Cluster_2270	-3.357114212947398
LtH_6.Control	Cluster_2283	-1.0438077013808824
LtH_6.Control	Cluster_2305	1.1743115825597563
LtH_6.Control	Cluster_2332	-4.674458398075599
LtH_6.Control	Cluster_2333	-7.829050043969688
LtH_6.Control	Cluster_2342	-8.962861171444608
LtH_6.Control	Cluster_2374	4.707177947929532
LtH_6.Control	Cluster_2395	1.2200330495702376
LtH_6.Control	Cluster_2405	-3.913133995766719
LtH_6.Control	Cluster_2406	2.065508319895728
LtH_6.Control	Cluster_2407	-4.086348055427416
LtH_6.Control	Cluster_2412	-1.9254034549448675
LtH_6.Control	Cluster_2445	21.63625141505925
LtH_6.Control	Cluster_2447	-3.0801223010938066
LtH_6.Control	Cluster_2455	6.742611323624273
LtH_6.Control	Cluster_2504	-6.917161760787045
LtH_6.Control	Cluster_2505	-8.055471756161758
LtH_6.Control	Cluster_2511	3.5705227203868906
LtH_6.Control	Cluster_2520	3.97146817309677
LtH_6.Control	Cluster_2538	1.1872201409414322
LtH_6.Control	Cluster_2539	-1.2823874643716666
LtH_6.Control	Cluster_2541	-5.390568138348303
LtH_6.Control	Cluster_2543	2.1128474532491173
LtH_6.Control	Cluster_2559	9.114732359480794
LtH_6.Control	Cluster_2561	1.2794453414008105
LtH_6.Control	Cluster_2565	-3.3166387675761184
LtH_6.Control	Cluster_2586	-5.544757672562273
LtH_6.Control	Cluster_2602	-2.556234746236033
LtH_6.Control	Cluster_2603	-7.67486316692869
LtH_6.Control	Cluster_2605	-7.558322457877421
LtH_6.Control	Cluster_2649	-0.9880910854537893
LtH_6.Control	Cluster_2656	-8.092234139014773
LtH_6.Control	Cluster_2668	-3.323726506176084
LtH_6.Control	Cluster_2700	9.490605124227539
LtH_6.Control	Cluster_2727	-8.307020997965981
LtH_6.Control	Cluster_2766	3.002323686896442
LtH_6.Control	Cluster_2806	-24.092443119012653
LtH_6.Control	Cluster_2807	-5.488611124140818
LtH_6.Control	Cluster_2809	3.186265633440515
LtH_6.Control	Cluster_2816	-4.859135297601929
LtH_6.Control	Cluster_2830	3.115864824498435
LtH_6.Control	Cluster_2850	-3.599165767830062
LtH_6.Control	Cluster_2861	-1.932833289874595
LtH_6.Control	Cluster_2869	-5.399417037546017
LtH_6.Control	Cluster_2876	-4.250677075613226
LtH_6.Control	Cluster_2884	4.299645910868025
LtH_6.Control	Cluster_2892	8.11313891504661
LtH_6.Control	Cluster_2896	-2.6197398693763163
LtH_6.Control	Cluster_2941	1.985764775381938
LtH_6.Control	Cluster_3002	-1.8073468834179254
LtH_6.Control	Cluster_3015	4.437900873524298
LtH_6.Control	Cluster_3044	-5.958684957503485
LtH_6.Control	Cluster_3047	-0.9078386649211106
LtH_6.Control	Cluster_3049	-4.429442301977021
LtH_6.Control	Cluster_3050	-2.158530138997478
LtH_6.Control	Cluster_3070	4.52194928175977
LtH_6.Control	Cluster_3071	3.0734629066870753
LtH_6.Control	Cluster_3072	-0.7631839005214042
LtH_6.Control	Cluster_3083	-1.290842650805947
LtH_6.Control	Cluster_3084	-4.9462438139696125
LtH_6.Control	Cluster_3098	2.8554300632902607
LtH_6.Control	Cluster_3099	-2.7802989956076622
LtH_6.Control	Cluster_3102	0.7548942041062914
LtH_6.Control	Cluster_3103	0.8239723444802463
LtH_6.Control	Cluster_3104	0.7145033183154406
LtH_6.Control	Cluster_3121	1.2875690440218932
LtH_6.Control	Cluster_3128	5.75060130278313
LtH_6.Control	Cluster_3134	-6.922873226710911
LtH_6.Control	Cluster_3214	-2.043387218029568
LtH_6.Control	Cluster_3232	-8.236302415527708
LtH_6.Control	Cluster_3239	-2.2132440161008313
LtH_6.Control	Cluster_3241	-1.648608213030984
LtH_6.Control	Cluster_3247	0.7722586731548627
LtH_6.Control	Cluster_3248	2.009567840305999
LtH_6.Control	Cluster_3285	-8.169520621748731
LtH_6.Control	Cluster_3288	5.759468295341558
LtH_6.Control	Cluster_3293	2.6401544056029196
LtH_6.Hyp_T6h	Cluster_121	-1.3809886241194311
LtH_6.Hyp_T6h	Cluster_228	7.564268306815783
LtH_6.Hyp_T6h	Cluster_294	1.7368637471846957
LtH_6.Hyp_T6h	Cluster_324	1.9464019243431658
LtH_6.Hyp_T6h	Cluster_383	2.3317757105585715
LtH_6.Hyp_T6h	Cluster_461	6.20554029304198
LtH_6.Hyp_T6h	Cluster_462	6.7421889020425585
LtH_6.Hyp_T6h	Cluster_475	-0.6003067987435984
LtH_6.Hyp_T6h	Cluster_526	-0.7150497661593738
LtH_6.Hyp_T6h	Cluster_629	1.7727942382300559
LtH_6.Hyp_T6h	Cluster_636	-7.521868482775207
LtH_6.Hyp_T6h	Cluster_655	1.9901484488488725
LtH_6.Hyp_T6h	Cluster_676	1.3124546267906179
LtH_6.Hyp_T6h	Cluster_795	2.8864527361146277
LtH_6.Hyp_T6h	Cluster_835	22.405156194010807
LtH_6.Hyp_T6h	Cluster_1033	2.287178087310838
LtH_6.Hyp_T6h	Cluster_1061	1.3739557354338685
LtH_6.Hyp_T6h	Cluster_1250	1.8775135405539283
LtH_6.Hyp_T6h	Cluster_1266	-0.5844700788976869
LtH_6.Hyp_T6h	Cluster_1268	3.566328771580345
LtH_6.Hyp_T6h	Cluster_1353	37.647630210091535
LtH_6.Hyp_T6h	Cluster_1691	-4.406050543596117
LtH_6.Hyp_T6h	Cluster_1725	-5.125784858404467
LtH_6.Hyp_T6h	Cluster_1750	36.179684771651864
LtH_6.Hyp_T6h	Cluster_1839	-0.7919676818903685
LtH_6.Hyp_T6h	Cluster_1846	-0.9647151401807378
LtH_6.Hyp_T6h	Cluster_1852	-1.5673518444102177
LtH_6.Hyp_T6h	Cluster_1930	9.152839260465429
LtH_6.Hyp_T6h	Cluster_1931	7.9589494259139215
LtH_6.Hyp_T6h	Cluster_1941	-8.047832654098174
LtH_6.Hyp_T6h	Cluster_1971	-1.0650831345679665
LtH_6.Hyp_T6h	Cluster_1995	-2.091161197709589
LtH_6.Hyp_T6h	Cluster_2027	1.7108635330266755
LtH_6.Hyp_T6h	Cluster_2086	3.9738231870738243
LtH_6.Hyp_T6h	Cluster_2172	-1.2291674611725625
LtH_6.Hyp_T6h	Cluster_2180	-1.1818507123958044
LtH_6.Hyp_T6h	Cluster_2196	0.855876890245245
LtH_6.Hyp_T6h	Cluster_2228	0.9410925643572076
LtH_6.Hyp_T6h	Cluster_2235	18.12660276734617
LtH_6.Hyp_T6h	Cluster_2241	0.9673401347819004
LtH_6.Hyp_T6h	Cluster_2283	-0.5723202272301664
LtH_6.Hyp_T6h	Cluster_2317	5.196159550386756
LtH_6.Hyp_T6h	Cluster_2448	-1.245847016957991
LtH_6.Hyp_T6h	Cluster_2489	5.183718579757574
LtH_6.Hyp_T6h	Cluster_2806	-24.834664321159906
LtH_6.Hyp_T6h	Cluster_2934	6.8750210518804735
LtH_6.Hyp_T6h	Cluster_2966	4.286704179308735
LtH_6.Hyp_T6h	Cluster_3190	0.8668831504723807
LtH_6.Hyp_T6h	Cluster_3235	7.663720260328173
LtH_6.Hyp_T6h	Cluster_3239	-1.628226420767946
LtH_6.Hyp_T6h	Cluster_3261	-1.2417871187393181
Recovery.Control	Cluster_17	-2.3695519177442175
Recovery.Control	Cluster_26	5.18629614190197
Recovery.Control	Cluster_31	1.0019273963441357
Recovery.Control	Cluster_55	-1.0761628231194
Recovery.Control	Cluster_58	-4.245595434171609
Recovery.Control	Cluster_71	1.7911946681919468
Recovery.Control	Cluster_73	-0.9711367666215495
Recovery.Control	Cluster_75	-3.6495397923853443
Recovery.Control	Cluster_94	7.273730251514433
Recovery.Control	Cluster_95	2.805100021629237
Recovery.Control	Cluster_136	-22.839865822013717
Recovery.Control	Cluster_139	15.718060738767504
Recovery.Control	Cluster_151	-6.505177230846112
Recovery.Control	Cluster_152	-1.1534375209094303
Recovery.Control	Cluster_157	5.402658442785712
Recovery.Control	Cluster_168	-2.9152129901927517
Recovery.Control	Cluster_171	-1.9668624070657004
Recovery.Control	Cluster_176	-7.798611923879869
Recovery.Control	Cluster_183	-8.229789578879826
Recovery.Control	Cluster_188	-4.8323596687398265
Recovery.Control	Cluster_189	-1.8132505193952566
Recovery.Control	Cluster_202	3.514996119674269
Recovery.Control	Cluster_213	-8.642254493924595
Recovery.Control	Cluster_237	-4.740492605246961
Recovery.Control	Cluster_246	3.3090728393820306
Recovery.Control	Cluster_249	-0.6882889011864552
Recovery.Control	Cluster_257	3.1711035825321567
Recovery.Control	Cluster_261	-4.500898918722931
Recovery.Control	Cluster_277	-0.7258095266615812
Recovery.Control	Cluster_284	-1.9724064331805764
Recovery.Control	Cluster_289	-4.5602039543746695
Recovery.Control	Cluster_290	-5.361416535137512
Recovery.Control	Cluster_291	-1.8639787102616991
Recovery.Control	Cluster_313	-1.1478464338391687
Recovery.Control	Cluster_314	-1.3633242748645007
Recovery.Control	Cluster_330	-21.776043228916215
Recovery.Control	Cluster_337	-1.2513711275867736
Recovery.Control	Cluster_347	3.443899411582706
Recovery.Control	Cluster_360	2.714983204984962
Recovery.Control	Cluster_375	-3.8353364163229258
Recovery.Control	Cluster_407	3.3996821958021637
Recovery.Control	Cluster_409	-8.402183408218152
Recovery.Control	Cluster_410	-6.2787567382996015
Recovery.Control	Cluster_411	-6.7911707815811715
Recovery.Control	Cluster_435	-1.4112853102325598
Recovery.Control	Cluster_476	1.2985123422849638
Recovery.Control	Cluster_488	-5.549944826041816
Recovery.Control	Cluster_490	-3.9389979415925636
Recovery.Control	Cluster_529	0.9562483616386058
Recovery.Control	Cluster_533	-0.9439359368669055
Recovery.Control	Cluster_538	4.517114040063399
Recovery.Control	Cluster_545	7.966521729979115
Recovery.Control	Cluster_562	-0.9778015018958928
Recovery.Control	Cluster_573	2.325458998534278
Recovery.Control	Cluster_590	3.1931360522278607
Recovery.Control	Cluster_599	8.358249305965607
Recovery.Control	Cluster_607	3.1869441270273446
Recovery.Control	Cluster_615	1.835298797738489
Recovery.Control	Cluster_620	1.6718195604439061
Recovery.Control	Cluster_627	-1.3092682013557704
Recovery.Control	Cluster_629	-1.2979308165862664
Recovery.Control	Cluster_645	2.2496996295253306
Recovery.Control	Cluster_666	-5.379124117593853
Recovery.Control	Cluster_668	-7.516138491466549
Recovery.Control	Cluster_671	-7.434461052895618
Recovery.Control	Cluster_676	-1.0577194231000118
Recovery.Control	Cluster_688	2.027900193217097
Recovery.Control	Cluster_691	-6.16939856071207
Recovery.Control	Cluster_717	-3.5875918426000557
Recovery.Control	Cluster_718	-3.924440155839106
Recovery.Control	Cluster_719	-3.9680961097588994
Recovery.Control	Cluster_729	-9.416357635914201
Recovery.Control	Cluster_738	3.282327650452818
Recovery.Control	Cluster_769	-0.5984841786541405
Recovery.Control	Cluster_791	-5.105546706486989
Recovery.Control	Cluster_793	3.158849897607042
Recovery.Control	Cluster_795	-2.148611814303559
Recovery.Control	Cluster_800	-4.398849263766598
Recovery.Control	Cluster_802	-6.914378453753455
Recovery.Control	Cluster_829	-2.315173715612116
Recovery.Control	Cluster_831	-2.4744489235428624
Recovery.Control	Cluster_832	-2.217051971186323
Recovery.Control	Cluster_835	-21.44121335871264
Recovery.Control	Cluster_839	-7.9547000937901915
Recovery.Control	Cluster_903	-9.836670755798062
Recovery.Control	Cluster_915	-5.165338941022083
Recovery.Control	Cluster_939	1.243390828758319
Recovery.Control	Cluster_940	7.649176832260868
Recovery.Control	Cluster_948	-2.490577900729801
Recovery.Control	Cluster_949	-3.3886596730829717
Recovery.Control	Cluster_950	-4.953608238383645
Recovery.Control	Cluster_951	-7.464075859962402
Recovery.Control	Cluster_952	-5.034373721142557
Recovery.Control	Cluster_960	-4.570650898334597
Recovery.Control	Cluster_964	2.5610138732619343
Recovery.Control	Cluster_985	2.8814493668600027
Recovery.Control	Cluster_1000	-5.709953191395187
Recovery.Control	Cluster_1002	5.632816238090121
Recovery.Control	Cluster_1006	-17.684826815539747
Recovery.Control	Cluster_1009	-0.9363321323994962
Recovery.Control	Cluster_1024	-4.584293176179825
Recovery.Control	Cluster_1025	2.1091343732533177
Recovery.Control	Cluster_1027	-7.0047852862780635
Recovery.Control	Cluster_1074	1.2478541685734306
Recovery.Control	Cluster_1075	1.6908033384645642
Recovery.Control	Cluster_1092	-1.1826243135933638
Recovery.Control	Cluster_1102	-1.921998177699741
Recovery.Control	Cluster_1104	-1.3203788381441925
Recovery.Control	Cluster_1116	-4.5486351892826
Recovery.Control	Cluster_1118	-0.7427323190071125
Recovery.Control	Cluster_1158	4.646138507195628
Recovery.Control	Cluster_1164	-2.7809745594244197
Recovery.Control	Cluster_1166	-1.592229486789835
Recovery.Control	Cluster_1178	0.8017838148330592
Recovery.Control	Cluster_1179	-8.470539035732209
Recovery.Control	Cluster_1193	-2.3730192784056285
Recovery.Control	Cluster_1227	1.3694585138759787
Recovery.Control	Cluster_1238	6.752641731261771
Recovery.Control	Cluster_1243	-1.0318018177233959
Recovery.Control	Cluster_1247	-3.507680286659538
Recovery.Control	Cluster_1286	-4.258187290475403
Recovery.Control	Cluster_1296	-3.1943676819388314
Recovery.Control	Cluster_1336	-1.7861183121778867
Recovery.Control	Cluster_1337	-1.576665895081993
Recovery.Control	Cluster_1338	2.037662823892525
Recovery.Control	Cluster_1339	2.164378505845133
Recovery.Control	Cluster_1340	2.6055941409811343
Recovery.Control	Cluster_1341	2.4015120451424736
Recovery.Control	Cluster_1342	2.851847314120805
Recovery.Control	Cluster_1343	1.8501970933758474
Recovery.Control	Cluster_1350	4.598527918650448
Recovery.Control	Cluster_1353	21.382817410416532
Recovery.Control	Cluster_1361	-0.7921917602201478
Recovery.Control	Cluster_1380	-25.03082228086895
Recovery.Control	Cluster_1393	-4.609911642674053
Recovery.Control	Cluster_1399	-0.944791681899352
Recovery.Control	Cluster_1405	-0.49701271423815696
Recovery.Control	Cluster_1420	-3.002952008300416
Recovery.Control	Cluster_1421	-3.307438669250749
Recovery.Control	Cluster_1426	-4.9701864082018465
Recovery.Control	Cluster_1427	2.5969732041482576
Recovery.Control	Cluster_1447	-0.6801737733467907
Recovery.Control	Cluster_1460	0.5473569351370955
Recovery.Control	Cluster_1461	0.6519665353898288
Recovery.Control	Cluster_1475	2.5034664924284886
Recovery.Control	Cluster_1476	2.3357727090683644
Recovery.Control	Cluster_1487	-6.103710962189494
Recovery.Control	Cluster_1528	-8.100929824094768
Recovery.Control	Cluster_1532	2.5658096904767986
Recovery.Control	Cluster_1556	-4.13752321643452
Recovery.Control	Cluster_1564	-2.8184620579724724
Recovery.Control	Cluster_1566	2.6148367652402134
Recovery.Control	Cluster_1590	20.770642616504116
Recovery.Control	Cluster_1594	-2.534826587225882
Recovery.Control	Cluster_1600	-4.18345069616225
Recovery.Control	Cluster_1625	-0.7950817858336066
Recovery.Control	Cluster_1636	-7.961638848424572
Recovery.Control	Cluster_1645	7.775156712279122
Recovery.Control	Cluster_1660	7.469950209013232
Recovery.Control	Cluster_1664	-4.107493977008111
Recovery.Control	Cluster_1665	-5.0277015726160394
Recovery.Control	Cluster_1673	4.379280269089767
Recovery.Control	Cluster_1701	-0.7265791587213903
Recovery.Control	Cluster_1702	-1.7568227439870363
Recovery.Control	Cluster_1712	-0.9021856255715253
Recovery.Control	Cluster_1716	-4.730637053826492
Recovery.Control	Cluster_1738	-0.45340461357886136
Recovery.Control	Cluster_1750	14.96835330035591
Recovery.Control	Cluster_1755	-1.215361414199059
Recovery.Control	Cluster_1761	5.249571558554198
Recovery.Control	Cluster_1771	-8.601437742536937
Recovery.Control	Cluster_1778	2.004111696300761
Recovery.Control	Cluster_1783	-3.927302484118968
Recovery.Control	Cluster_1797	1.3401918629457217
Recovery.Control	Cluster_1809	-6.131241192566576
Recovery.Control	Cluster_1816	2.198592376351973
Recovery.Control	Cluster_1820	-3.497136804286987
Recovery.Control	Cluster_1832	-1.8244007673387796
Recovery.Control	Cluster_1836	-8.062403935917594
Recovery.Control	Cluster_1858	0.5938166830784523
Recovery.Control	Cluster_1886	-6.1384878582768225
Recovery.Control	Cluster_1895	1.3856675482525256
Recovery.Control	Cluster_1898	-7.690819154379369
Recovery.Control	Cluster_1901	0.5110481851393754
Recovery.Control	Cluster_1907	1.1253401384406247
Recovery.Control	Cluster_1908	0.5685198955257174
Recovery.Control	Cluster_1913	2.275214146093248
Recovery.Control	Cluster_1915	2.017939386769851
Recovery.Control	Cluster_1924	-4.521373937823646
Recovery.Control	Cluster_1934	7.7808951566622415
Recovery.Control	Cluster_1936	3.9892933584754657
Recovery.Control	Cluster_1938	3.0155660388296
Recovery.Control	Cluster_1958	-1.4607981029037747
Recovery.Control	Cluster_1960	2.4622151780043677
Recovery.Control	Cluster_1966	-2.8725474785697687
Recovery.Control	Cluster_1971	-0.8719684869321934
Recovery.Control	Cluster_1980	-1.6766767241158913
Recovery.Control	Cluster_1992	-4.6434055780786965
Recovery.Control	Cluster_1995	1.7026115784992502
Recovery.Control	Cluster_2046	2.3986488921915994
Recovery.Control	Cluster_2069	7.296795667217151
Recovery.Control	Cluster_2071	-8.219151821225367
Recovery.Control	Cluster_2083	2.4633650968143073
Recovery.Control	Cluster_2098	-8.771144362539353
Recovery.Control	Cluster_2112	-3.9367446864878874
Recovery.Control	Cluster_2120	-8.144529134429824
Recovery.Control	Cluster_2134	-0.6108010072668855
Recovery.Control	Cluster_2145	1.6213159800097352
Recovery.Control	Cluster_2149	-7.615183884563504
Recovery.Control	Cluster_2150	-8.083929727344064
Recovery.Control	Cluster_2154	-1.2146206937535668
Recovery.Control	Cluster_2163	-6.751044741313535
Recovery.Control	Cluster_2184	-2.626713468041557
Recovery.Control	Cluster_2196	-0.8192965081898173
Recovery.Control	Cluster_2199	-1.1309265697070114
Recovery.Control	Cluster_2215	-1.4089125448881623
Recovery.Control	Cluster_2219	18.455627297809173
Recovery.Control	Cluster_2234	-5.192519816306378
Recovery.Control	Cluster_2243	-0.9938210755549142
Recovery.Control	Cluster_2259	3.710775126627306
Recovery.Control	Cluster_2270	-3.6960796757454655
Recovery.Control	Cluster_2274	-22.435073489002324
Recovery.Control	Cluster_2275	-5.5895835161246765
Recovery.Control	Cluster_2283	-0.609619034980204
Recovery.Control	Cluster_2284	-1.3511911167687825
Recovery.Control	Cluster_2285	-2.6156936103303576
Recovery.Control	Cluster_2286	-3.6727168507767285
Recovery.Control	Cluster_2290	-7.071877440628952
Recovery.Control	Cluster_2322	-1.4220751654609656
Recovery.Control	Cluster_2332	-4.275223370055209
Recovery.Control	Cluster_2333	-6.7606685508380036
Recovery.Control	Cluster_2335	2.6041174388092716
Recovery.Control	Cluster_2341	-6.053308140567072
Recovery.Control	Cluster_2342	-5.922915324808283
Recovery.Control	Cluster_2348	1.3203807901692421
Recovery.Control	Cluster_2374	4.571789529354588
Recovery.Control	Cluster_2395	1.685559462108856
Recovery.Control	Cluster_2406	2.1915708122939552
Recovery.Control	Cluster_2429	0.5462183349364569
Recovery.Control	Cluster_2445	23.033139024659445
Recovery.Control	Cluster_2446	-1.4758655828646006
Recovery.Control	Cluster_2447	-2.5701678362762546
Recovery.Control	Cluster_2473	6.26146177064457
Recovery.Control	Cluster_2495	1.5747296343621433
Recovery.Control	Cluster_2498	2.0942187633553564
Recovery.Control	Cluster_2504	-7.772369121881451
Recovery.Control	Cluster_2511	3.7007355375449733
Recovery.Control	Cluster_2520	4.102180104026295
Recovery.Control	Cluster_2538	1.4429510672640928
Recovery.Control	Cluster_2539	-0.8048547803066232
Recovery.Control	Cluster_2541	-6.245775929130277
Recovery.Control	Cluster_2543	1.9462812996781433
Recovery.Control	Cluster_2549	-5.225188079541335
Recovery.Control	Cluster_2551	-4.25217595140621
Recovery.Control	Cluster_2565	-3.5709034775375277
Recovery.Control	Cluster_2586	-5.438171127576973
Recovery.Control	Cluster_2602	-5.876392154679179
Recovery.Control	Cluster_2603	-6.606481736149512
Recovery.Control	Cluster_2605	-8.41353043153885
Recovery.Control	Cluster_2623	2.9113556812979837
Recovery.Control	Cluster_2649	-1.3206412625635482
Recovery.Control	Cluster_2656	-7.023852457985035
Recovery.Control	Cluster_2663	-1.0364472364927104
Recovery.Control	Cluster_2668	-3.3592935091043454
Recovery.Control	Cluster_2679	-2.027541100867617
Recovery.Control	Cluster_2681	7.665991089069674
Recovery.Control	Cluster_2682	-5.907820654647262
Recovery.Control	Cluster_2692	-5.49147370960915
Recovery.Control	Cluster_2693	-5.552998912821611
Recovery.Control	Cluster_2697	-3.6930272173019536
Recovery.Control	Cluster_2698	-5.037098877694654
Recovery.Control	Cluster_2726	-4.6006777677505815
Recovery.Control	Cluster_2727	-8.200434507750193
Recovery.Control	Cluster_2756	-6.107652241927877
Recovery.Control	Cluster_2758	-7.841500784347148
Recovery.Control	Cluster_2799	-0.882581452543134
Recovery.Control	Cluster_2807	-5.7291744445295265
Recovery.Control	Cluster_2821	3.826266072433444
Recovery.Control	Cluster_2826	2.4808257486303966
Recovery.Control	Cluster_2830	2.9275676697441764
Recovery.Control	Cluster_2876	-5.216706716399027
Recovery.Control	Cluster_2892	8.392139853677811
Recovery.Control	Cluster_2901	-0.8629535060919976
Recovery.Control	Cluster_2902	-0.910813357915515
Recovery.Control	Cluster_2930	1.0622985702797387
Recovery.Control	Cluster_2934	-7.370523212140908
Recovery.Control	Cluster_2939	-0.8163881967503674
Recovery.Control	Cluster_2941	1.9316369423065993
Recovery.Control	Cluster_2977	1.3282469580471201
Recovery.Control	Cluster_2979	1.1322299975448125
Recovery.Control	Cluster_2986	-1.031518014684173
Recovery.Control	Cluster_3002	-1.9996774217877167
Recovery.Control	Cluster_3007	1.1161686107709219
Recovery.Control	Cluster_3015	4.3079546764893575
Recovery.Control	Cluster_3018	-0.8298663594225978
Recovery.Control	Cluster_3044	-5.726393064765655
Recovery.Control	Cluster_3049	-4.315949693586643
Recovery.Control	Cluster_3050	-2.1402212840862864
Recovery.Control	Cluster_3064	-1.3477121693522518
Recovery.Control	Cluster_3070	4.284417510741878
Recovery.Control	Cluster_3071	2.5751667778260408
Recovery.Control	Cluster_3072	-0.8313907309670204
Recovery.Control	Cluster_3074	2.5730262288436476
Recovery.Control	Cluster_3084	-5.544970563007895
Recovery.Control	Cluster_3098	2.616591612786933
Recovery.Control	Cluster_3099	-3.7368612580314355
Recovery.Control	Cluster_3104	0.7413978330395566
Recovery.Control	Cluster_3114	4.300915992272833
Recovery.Control	Cluster_3115	5.224249086166613
Recovery.Control	Cluster_3117	2.641064166027322
Recovery.Control	Cluster_3128	6.883744202792522
Recovery.Control	Cluster_3134	-6.816286675016069
Recovery.Control	Cluster_3174	-2.438671122685734
Recovery.Control	Cluster_3190	-0.6996137366068637
Recovery.Control	Cluster_3204	-6.813515630105342
Recovery.Control	Cluster_3214	-2.2143121314292684
Recovery.Control	Cluster_3222	-4.615046536708815
Recovery.Control	Cluster_3232	-6.637307570846726
Recovery.Control	Cluster_3234	-4.192756789079277
Recovery.Control	Cluster_3239	-1.1501706797027016
Recovery.Control	Cluster_3241	-1.4979007950183587
Recovery.Control	Cluster_3243	1.6316948109377842
Recovery.Control	Cluster_3247	0.8266479511630547
Recovery.Control	Cluster_3248	1.8094583869926046
Recovery.Control	Cluster_3279	1.1509421656687633
Recovery.Control	Cluster_3285	-6.263274314262579
Recovery.Control	Cluster_3288	5.452980167792654
Recovery.Control	Cluster_3293	2.828550120376602
Recovery.Hyp_T6h	Cluster_28	4.608130534193165
Recovery.Hyp_T6h	Cluster_136	-23.834844527608375
Recovery.Hyp_T6h	Cluster_176	-8.5151551338591
Recovery.Hyp_T6h	Cluster_213	-8.589966092246307
Recovery.Hyp_T6h	Cluster_228	7.546605380241733
Recovery.Hyp_T6h	Cluster_290	-5.167405782271512
Recovery.Hyp_T6h	Cluster_330	-22.572304041143287
Recovery.Hyp_T6h	Cluster_461	6.837543567200688
Recovery.Hyp_T6h	Cluster_462	7.59187135423548
Recovery.Hyp_T6h	Cluster_463	5.3034890380640896
Recovery.Hyp_T6h	Cluster_691	-5.8153837233146035
Recovery.Hyp_T6h	Cluster_785	-1.9123682281654735
Recovery.Hyp_T6h	Cluster_814	-32.90174493035654
Recovery.Hyp_T6h	Cluster_949	-3.350156377626357
Recovery.Hyp_T6h	Cluster_950	-4.720727932111634
Recovery.Hyp_T6h	Cluster_951	-7.113550635736278
Recovery.Hyp_T6h	Cluster_952	-4.545068078000852
Recovery.Hyp_T6h	Cluster_1006	-20.325366340905116
Recovery.Hyp_T6h	Cluster_1286	-3.6420000710229012
Recovery.Hyp_T6h	Cluster_1353	45.1607544493612
Recovery.Hyp_T6h	Cluster_1380	-24.155848724665223
Recovery.Hyp_T6h	Cluster_1590	34.854652406677246
Recovery.Hyp_T6h	Cluster_1652	5.775650867276544
Recovery.Hyp_T6h	Cluster_1750	36.3857100479571
Recovery.Hyp_T6h	Cluster_1804	-7.754319769071189
Recovery.Hyp_T6h	Cluster_1930	8.812074727780605
Recovery.Hyp_T6h	Cluster_1931	8.092677973917871
Recovery.Hyp_T6h	Cluster_1992	-4.433573652493794
Recovery.Hyp_T6h	Cluster_2022	-1.7115392995773036
Recovery.Hyp_T6h	Cluster_2038	7.346221361952511
Recovery.Hyp_T6h	Cluster_2094	7.193378257527465
Recovery.Hyp_T6h	Cluster_2235	15.267129858617436
Recovery.Hyp_T6h	Cluster_2274	-23.11715516741773
Recovery.Hyp_T6h	Cluster_2275	-5.813438428278199
Recovery.Hyp_T6h	Cluster_2280	4.030094622636519
Recovery.Hyp_T6h	Cluster_2290	-7.792170551751078
Recovery.Hyp_T6h	Cluster_2442	7.846132087401585
Recovery.Hyp_T6h	Cluster_2549	-4.431323406524189
Recovery.Hyp_T6h	Cluster_2551	-3.692946359657086
Recovery.Hyp_T6h	Cluster_2682	-5.527255682163389
Recovery.Hyp_T6h	Cluster_2692	-5.321911920336594
Recovery.Hyp_T6h	Cluster_2758	-7.1751519339034004
Recovery.Hyp_T6h	Cluster_2769	-7.154621639711088
Recovery.Hyp_T6h	Cluster_3235	6.371932499539471
Recovery.LtH_6	Cluster_121	1.2584210873017998
Recovery.LtH_6	Cluster_136	-23.330134594096076
Recovery.LtH_6	Cluster_176	-8.10695504180265
Recovery.LtH_6	Cluster_213	-7.6626744663132556
Recovery.LtH_6	Cluster_289	-5.1140769789670975
Recovery.LtH_6	Cluster_290	-5.9349923627883205
Recovery.LtH_6	Cluster_291	-2.1057728113681957
Recovery.LtH_6	Cluster_330	-22.841846883319057
Recovery.LtH_6	Cluster_392	6.712871917964375
Recovery.LtH_6	Cluster_435	-1.4105568758712221
Recovery.LtH_6	Cluster_475	0.6101757283048194
Recovery.LtH_6	Cluster_535	22.376023530026643
Recovery.LtH_6	Cluster_629	-1.4253614369162888
Recovery.LtH_6	Cluster_636	7.164019309155228
Recovery.LtH_6	Cluster_655	-1.557038658038099
Recovery.LtH_6	Cluster_675	-1.3717300401660697
Recovery.LtH_6	Cluster_676	-1.4562863666629686
Recovery.LtH_6	Cluster_691	-5.314379922601377
Recovery.LtH_6	Cluster_717	-4.263528891453571
Recovery.LtH_6	Cluster_719	-4.070565720436093
Recovery.LtH_6	Cluster_802	-6.1782766826524425
Recovery.LtH_6	Cluster_814	-28.449875664030472
Recovery.LtH_6	Cluster_835	-22.35169894890715
Recovery.LtH_6	Cluster_949	-3.04412904449428
Recovery.LtH_6	Cluster_950	-4.454596393696295
Recovery.LtH_6	Cluster_951	-7.29937391508447
Recovery.LtH_6	Cluster_952	-4.8877273538837045
Recovery.LtH_6	Cluster_1000	-4.930601847149091
Recovery.LtH_6	Cluster_1006	-18.383512023177143
Recovery.LtH_6	Cluster_1102	-2.3510419003222367
Recovery.LtH_6	Cluster_1191	-2.471608835664335
Recovery.LtH_6	Cluster_1250	-2.2095785547472055
Recovery.LtH_6	Cluster_1286	-4.597656533128987
Recovery.LtH_6	Cluster_1380	-25.20009856026803
Recovery.LtH_6	Cluster_1430	4.906501143455833
Recovery.LtH_6	Cluster_1431	4.403546272622531
Recovery.LtH_6	Cluster_1432	5.305411401194653
Recovery.LtH_6	Cluster_1590	34.94795277486443
Recovery.LtH_6	Cluster_1709	-7.289662585331797
Recovery.LtH_6	Cluster_1725	4.919202629356412
Recovery.LtH_6	Cluster_1783	-3.394005784178818
Recovery.LtH_6	Cluster_1804	-6.8107565673373704
Recovery.LtH_6	Cluster_1852	1.4294296448882473
Recovery.LtH_6	Cluster_1941	8.46842665724098
Recovery.LtH_6	Cluster_1971	1.1105032780297022
Recovery.LtH_6	Cluster_1992	-4.178478480397692
Recovery.LtH_6	Cluster_1995	1.9590657028984648
Recovery.LtH_6	Cluster_2081	-2.3581513774914713
Recovery.LtH_6	Cluster_2274	-22.516067181495252
Recovery.LtH_6	Cluster_2275	-5.784208020267179
Recovery.LtH_6	Cluster_2335	4.616482459988981
Recovery.LtH_6	Cluster_2480	0.7133180165792247
Recovery.LtH_6	Cluster_2549	-4.644868479955866
Recovery.LtH_6	Cluster_2551	-4.551451252566916
Recovery.LtH_6	Cluster_2682	-6.362009619191685
Recovery.LtH_6	Cluster_2692	-6.155484406205126
Recovery.LtH_6	Cluster_2693	-6.249606034186021
Recovery.LtH_6	Cluster_2700	-8.951879276791056
Recovery.LtH_6	Cluster_2758	-7.874965396693885
Recovery.LtH_6	Cluster_2769	-7.14158641571479
Recovery.LtH_6	Cluster_2806	22.50498973951256
Recovery.LtH_6	Cluster_2861	2.460532067151693
Recovery.LtH_6	Cluster_2934	-6.8373015393342955
Recovery.LtH_6	Cluster_3114	3.095051914271744
Recovery.LtH_6	Cluster_3190	-0.8738527336298406
Recovery.LtH_6	Cluster_3204	-7.042235114133363
Recovery.LtH_6	Cluster_3234	-4.649275144759036
